{"cameraMode":{"drawMode":0,"name":"Shaded","section":"Shading Mode"},"sceneLighting":true,"audioPlay":false,"sceneViewState":{"m_AlwaysRefresh":false,"showFog":true,"showSkybox":true,"showFlares":true,"showImageEffects":true,"showParticleSystems":true,"showVisualEffectGraphs":true,"m_FxEnabled":true},"in2DMode":false,"pivot":{"x":-1271.8160400390625,"y":7.839426517486572,"z":-2020.7181396484375},"rotation":{"x":-0.11551957577466965,"y":0.6766949892044067,"z":-0.10872785747051239,"w":-0.7189997434616089},"size":4.8676252365112309,"orthographic":false}