{"cameraMode":{"drawMode":0,"name":"Shaded","section":"Shading Mode"},"sceneLighting":false,"audioPlay":false,"sceneViewState":{"m_AlwaysRefresh":false,"showFog":true,"showSkybox":false,"showFlares":true,"showImageEffects":true,"showParticleSystems":true,"showVisualEffectGraphs":true,"m_FxEnabled":true},"in2DMode":false,"pivot":{"x":-2.3642046451568605,"y":0.9669560790061951,"z":6.649848937988281},"rotation":{"x":0.050018224865198138,"y":0.1587039828300476,"z":0.008098172023892403,"w":-0.9860044717788696},"size":4.504026412963867,"orthographic":false}