{"cameraMode":{"drawMode":0,"name":"Shaded","section":"Shading Mode"},"sceneLighting":false,"audioPlay":false,"sceneViewState":{"m_AlwaysRefresh":false,"showFog":true,"showSkybox":false,"showFlares":true,"showImageEffects":true,"showParticleSystems":true,"showVisualEffectGraphs":true,"m_FxEnabled":true},"in2DMode":false,"pivot":{"x":-47.21561813354492,"y":453.9756774902344,"z":397.9103088378906},"rotation":{"x":-0.02127150446176529,"y":0.057548001408576968,"z":-0.0012305427808314562,"w":-0.9980868697166443},"size":212.1320343017578,"orthographic":false}