{"cameraMode":{"drawMode":0,"name":"Shaded","section":"Shading Mode"},"sceneLighting":false,"audioPlay":false,"sceneViewState":{"m_AlwaysRefresh":false,"showFog":true,"showSkybox":false,"showFlares":true,"showImageEffects":true,"showParticleSystems":true,"showVisualEffectGraphs":true,"m_FxEnabled":true},"in2DMode":false,"pivot":{"x":198.81777954101563,"y":173.189697265625,"z":55.279632568359378},"rotation":{"x":0.008709412068128586,"y":0.028500255197286607,"z":-0.00014988446491770446,"w":0.9994428157806397},"size":203.3649444580078,"orthographic":false}