{"cameraMode":{"drawMode":0,"name":"Shaded","section":"Shading Mode"},"sceneLighting":false,"audioPlay":false,"sceneViewState":{"m_AlwaysRefresh":false,"showFog":false,"showSkybox":false,"showFlares":false,"showImageEffects":false,"showParticleSystems":false,"showVisualEffectGraphs":true,"m_FxEnabled":true},"in2DMode":false,"pivot":{"x":0.15676116943359376,"y":1.4350969791412354,"z":0.6307668089866638},"rotation":{"x":0.02966568060219288,"y":0.7166827321052551,"z":-0.030135469511151315,"w":0.6958268880844116},"size":3.0794315338134767,"orthographic":false}