{"cameraMode":{"drawMode":0,"name":"Shaded","section":"Shading Mode"},"sceneLighting":false,"audioPlay":false,"sceneViewState":{"m_AlwaysRefresh":false,"showFog":true,"showSkybox":false,"showFlares":true,"showImageEffects":true,"showParticleSystems":true,"showVisualEffectGraphs":true,"m_FxEnabled":true},"in2DMode":false,"pivot":{"x":2.9802322387695315e-8,"y":0.2570035457611084,"z":2.384185791015625e-7},"rotation":{"x":0.14815069735050202,"y":-0.8486296534538269,"z":0.3167586624622345,"w":0.3964737057685852},"size":0.48676738142967226,"orthographic":false}