{"cameraMode":{"drawMode":0,"name":"Shaded","section":"Shading Mode"},"sceneLighting":true,"audioPlay":false,"sceneViewState":{"m_AlwaysRefresh":false,"showFog":true,"showSkybox":true,"showFlares":true,"showImageEffects":true,"showParticleSystems":true,"showVisualEffectGraphs":true,"m_FxEnabled":true},"in2DMode":false,"pivot":{"x":-1273.7779541015625,"y":17.215702056884767,"z":-2019.617431640625},"rotation":{"x":0.00006464474427048117,"y":0.9709192514419556,"z":-0.2388448566198349,"w":-0.0026474075857549907},"size":0.13582158088684083,"orthographic":false}