{"cameraMode":{"drawMode":0,"name":"Shaded","section":"Shading Mode"},"sceneLighting":true,"audioPlay":false,"sceneViewState":{"m_AlwaysRefresh":false,"showFog":true,"showSkybox":true,"showFlares":true,"showImageEffects":true,"showParticleSystems":true,"showVisualEffectGraphs":true,"m_FxEnabled":true},"in2DMode":false,"pivot":{"x":0.036452680826187137,"y":0.8580305576324463,"z":0.021743059158325197},"rotation":{"x":-0.01116650365293026,"y":0.980086088180542,"z":-0.05921498313546181,"w":-0.18815754354000092},"size":1.5491312742233277,"orthographic":false}