{"cameraMode":{"drawMode":0,"name":"Shaded","section":"Shading Mode"},"sceneLighting":true,"audioPlay":false,"sceneViewState":{"m_AlwaysRefresh":false,"showFog":true,"showSkybox":true,"showFlares":true,"showImageEffects":true,"showParticleSystems":true,"showVisualEffectGraphs":true,"m_FxEnabled":true},"in2DMode":false,"pivot":{"x":-1260.7430419921875,"y":7.6369171142578129,"z":-2015.5059814453125},"rotation":{"x":-0.08740068972110748,"y":0.8960291147232056,"z":-0.20553180575370789,"w":-0.38297784328460696},"size":13.654195785522461,"orthographic":false}