{"cameraMode":{"drawMode":0,"name":"Shaded","section":"Shading Mode"},"sceneLighting":false,"audioPlay":false,"sceneViewState":{"m_AlwaysRefresh":false,"showFog":true,"showSkybox":false,"showFlares":true,"showImageEffects":true,"showParticleSystems":true,"showVisualEffectGraphs":true,"m_FxEnabled":true},"in2DMode":false,"pivot":{"x":115.67599487304688,"y":-117.42929077148438,"z":305.2405090332031},"rotation":{"x":0.3073846101760864,"y":-0.08690974861383438,"z":0.028211195021867753,"w":0.9471616148948669},"size":111.27622985839844,"orthographic":false}