{"cameraMode":{"drawMode":0,"name":"Shaded","section":"Shading Mode"},"sceneLighting":false,"audioPlay":false,"sceneViewState":{"m_AlwaysRefresh":false,"showFog":true,"showSkybox":false,"showFlares":true,"showImageEffects":true,"showParticleSystems":true,"showVisualEffectGraphs":true,"m_FxEnabled":true},"in2DMode":false,"pivot":{"x":0.012013673782348633,"y":1.4238078594207764,"z":-0.010258674621582032},"rotation":{"x":0.07124262303113938,"y":-0.6786263585090637,"z":0.06675653904676438,"w":0.7276895642280579},"size":2.5254499912261965,"orthographic":false}