{"cameraMode":{"drawMode":0,"name":"Shaded","section":"Shading Mode"},"sceneLighting":false,"audioPlay":false,"sceneViewState":{"m_AlwaysRefresh":false,"showFog":true,"showSkybox":false,"showFlares":true,"showImageEffects":true,"showParticleSystems":true,"showVisualEffectGraphs":true,"m_FxEnabled":true},"in2DMode":false,"pivot":{"x":-0.08184218406677246,"y":1.4155099391937256,"z":0.17766666412353517},"rotation":{"x":0.07124262303113938,"y":-0.6786263585090637,"z":0.06675653904676438,"w":0.7276895642280579},"size":3.1365983486175539,"orthographic":false}