{"cameraMode":{"drawMode":0,"name":"Shaded","section":"Shading Mode"},"sceneLighting":false,"audioPlay":false,"sceneViewState":{"m_AlwaysRefresh":false,"showFog":true,"showSkybox":false,"showFlares":true,"showImageEffects":true,"showParticleSystems":true,"showVisualEffectGraphs":true,"m_FxEnabled":true},"in2DMode":false,"pivot":{"x":3.90468692779541,"y":595.6427612304688,"z":-1.7460228204727173},"rotation":{"x":0.03418087959289551,"y":0.015582174994051457,"z":0.0005466443253681064,"w":-0.9992886781692505},"size":7.071067810058594,"orthographic":false}